工号,姓名
10000,张一1
10001,张一2
10002,张一3
10003,张一4
10004,张一5
10005,张一6
10006,张一7
10007,张一8
10008,张一9
10009,张一10
10010,张一11
10011,张一12
10012,张一13
10013,张一14
10014,张一15
10015,张一16
10016,张一17
10017,张一18
10018,张一19
10019,张一20
10020,张一21
10021,张一22
10022,张一23
10023,张一24
10024,张一25
10025,张一26
10026,张一27
10027,张一28
10028,张一29
10029,张一30
10030,张一31
10031,张一32
10032,张一33
10033,张一34
10034,张一35
10035,张一36
10036,张一37
10037,张一38
10038,张一39
10039,张一40
10040,张一41
10041,张一42
10042,张一43
10043,张一44
10044,张一45
10045,张一46
10046,张一47
10047,张一48
10048,张一49
10049,张一50
10050,张一51
10051,张一52
10052,张一53
10053,张一54
10054,张一55
10055,张一56
10056,张一57
10057,张一58
10058,张一59
10059,张一60
10060,张一61
10061,张一62
10062,张一63
10063,张一64
10064,张一65
10065,张一66
10066,张一67
10067,张一68
10068,张一69
10069,张一70
10070,张一71
10071,张一72
10072,张一73
10073,张一74
10074,张一75
10075,张一76
10076,张一77
10077,张一78
10078,张一79
10079,张一80
10080,张一81
10081,张一82
10082,张一83
10083,张一84
10084,张一85
10085,张一86
10086,张一87
10087,张一88
10088,张一89
10089,张一90
10090,张一91
10091,张一92
10092,张一93
10093,张一94
10094,张一95
10095,张一96
10096,张一97
10097,张一98
10098,张一99
10099,张一100
10100,张一101
10101,张一102
10102,张一103
10103,张一104
10104,张一105
10105,张一106
10106,张一107
10107,张一108
10108,张一109
10109,张一110
10110,张一111
10111,张一112
10112,张一113
10113,张一114
10114,张一115
10115,张一116
10116,张一117
10117,张一118
10118,张一119
10119,张一120
10120,张一121
10121,张一122
10122,张一123
10123,张一124
10124,张一125
10125,张一126
10126,张一127
10127,张一128
10128,张一129
10129,张一130
10130,张一131
10131,张一132
10132,张一133
10133,张一134
10134,张一135
10135,张一136
10136,张一137
10137,张一138
10138,张一139
10139,张一140
10140,张一141
10141,张一142
10142,张一143
10143,张一144
10144,张一145
10145,张一146
10146,张一147
10147,张一148
10148,张一149
10149,张一150
10150,张一151
10151,张一152
10152,张一153
10153,张一154
10154,张一155
10155,张一156
10156,张一157
10157,张一158
10158,张一159
10159,张一160
10160,张一161
10161,张一162
10162,张一163
10163,张一164
10164,张一165
10165,张一166
10166,张一167
10167,张一168
10168,张一169
10169,张一170
10170,张一171
10171,张一172
10172,张一173
10173,张一174
10174,张一175
10175,张一176
10176,张一177
10177,张一178
10178,张一179
10179,张一180
10180,张一181
10181,张一182
10182,张一183
10183,张一184
10184,张一185
10185,张一186
10186,张一187
10187,张一188
10188,张一189
10189,张一190
10190,张一191
10191,张一192
10192,张一193
10193,张一194
10194,张一195
10195,张一196
10196,张一197
10197,张一198
10198,张一199
10199,张一200
10200,张一201
10201,张一202
10202,张一203
10203,张一204
10204,张一205
10205,张一206
10206,张一207
10207,张一208
10208,张一209
10209,张一210
10210,张一211
10211,张一212
10212,张一213
10213,张一214
10214,张一215
10215,张一216
10216,张一217
10217,张一218
10218,张一219
10219,张一220
10220,张一221
10221,张一222
10222,张一223
10223,张一224
10224,张一225
10225,张一226
10226,张一227
10227,张一228
10228,张一229
10229,张一230
10230,张一231
10231,张一232
10232,张一233
10233,张一234
10234,张一235
10235,张一236
10236,张一237
10237,张一238
10238,张一239
10239,张一240
10240,张一241
10241,张一242
10242,张一243
10243,张一244
10244,张一245
10245,张一246
10246,张一247
10247,张一248
10248,张一249
10249,张一250
10250,张一251
10251,张一252
10252,张一253
10253,张一254
10254,张一255
10255,张一256
10256,张一257
10257,张一258
10258,张一259
10259,张一260
10260,张一261
10261,张一262
10262,张一263
10263,张一264
10264,张一265
10265,张一266
10266,张一267
10267,张一268
10268,张一269
10269,张一270
10270,张一271
10271,张一272
10272,张一273
10273,张一274
10274,张一275
10275,张一276
10276,张一277
10277,张一278
10278,张一279
10279,张一280
10280,张一281
10281,张一282
10282,张一283
10283,张一284
10284,张一285
10285,张一286
10286,张一287
10287,张一288
10288,张一289
10289,张一290
10290,张一291
10291,张一292
10292,张一293
10293,张一294
10294,张一295
10295,张一296
10296,张一297
10297,张一298
10298,张一299
10299,张一300
10300,张一301
10301,张一302
10302,张一303
10303,张一304
10304,张一305
10305,张一306
10306,张一307
10307,张一308
10308,张一309
10309,张一310
10310,张一311
10311,张一312
10312,张一313
10313,张一314
10314,张一315
10315,张一316
10316,张一317
10317,张一318
10318,张一319
10319,张一320
10320,张一321
10321,张一322
10322,张一323
10323,张一324
10324,张一325
10325,张一326
10326,张一327
10327,张一328
10328,张一329
10329,张一330
10330,张一331
10331,张一332
10332,张一333
10333,张一334
10334,张一335
10335,张一336
10336,张一337
10337,张一338
10338,张一339
10339,张一340
10340,张一341
10341,张一342
10342,张一343
10343,张一344
10344,张一345
10345,张一346
10346,张一347
10347,张一348
10348,张一349
10349,张一350
10350,张一351
10351,张一352
10352,张一353
10353,张一354
10354,张一355
10355,张一356
10356,张一357
10357,张一358
10358,张一359
10359,张一360
10360,张一361
10361,张一362
10362,张一363
10363,张一364
10364,张一365
10365,张一366
10366,张一367
10367,张一368
10368,张一369
10369,张一370
10370,张一371
10371,张一372
10372,张一373
10373,张一374
10374,张一375
10375,张一376
10376,张一377
10377,张一378
10378,张一379
10379,张一380
10380,张一381
10381,张一382
10382,张一383
10383,张一384
10384,张一385
10385,张一386
10386,张一387
10387,张一388
10388,张一389
10389,张一390
10390,张一391
10391,张一392
10392,张一393
10393,张一394
10394,张一395
10395,张一396
10396,张一397
10397,张一398
10398,张一399
10399,张一400
10400,张一401
10401,张一402
10402,张一403
10403,张一404
10404,张一405
10405,张一406
10406,张一407
10407,张一408
10408,张一409
10409,张一410
10410,张一411
10411,张一412
10412,张一413
10413,张一414
10414,张一415
10415,张一416
10416,张一417
10417,张一418
10418,张一419
10419,张一420
10420,张一421
10421,张一422
10422,张一423
10423,张一424
10424,张一425
10425,张一426
10426,张一427
10427,张一428
10428,张一429
10429,张一430
10430,张一431
10431,张一432
10432,张一433
10433,张一434
10434,张一435
10435,张一436
10436,张一437
10437,张一438
10438,张一439
10439,张一440
10440,张一441
10441,张一442
10442,张一443
10443,张一444
10444,张一445
10445,张一446
10446,张一447
10447,张一448
10448,张一449
10449,张一450
10450,张一451
10451,张一452
10452,张一453
10453,张一454
10454,张一455
10455,张一456
10456,张一457
10457,张一458
10458,张一459
10459,张一460
10460,张一461
10461,张一462
10462,张一463
10463,张一464
10464,张一465
10465,张一466
10466,张一467
10467,张一468
10468,张一469
10469,张一470
10470,张一471
10471,张一472
10472,张一473
10473,张一474
10474,张一475
10475,张一476
10476,张一477
10477,张一478
10478,张一479
10479,张一480
10480,张一481
10481,张一482
10482,张一483
10483,张一484
10484,张一485
10485,张一486
10486,张一487
10487,张一488
10488,张一489
10489,张一490
10490,张一491
10491,张一492
10492,张一493
10493,张一494
10494,张一495
10495,张一496
10496,张一497
10497,张一498
10498,张一499
10499,张一500
10500,张一501
10501,张一502
10502,张一503
10503,张一504
10504,张一505
10505,张一506
10506,张一507
10507,张一508
10508,张一509
10509,张一510
10510,张一511
10511,张一512
10512,张一513
10513,张一514
10514,张一515
10515,张一516
10516,张一517
10517,张一518
10518,张一519
10519,张一520
10520,张一521
10521,张一522
10522,张一523
10523,张一524
10524,张一525
10525,张一526
10526,张一527
10527,张一528
10528,张一529
10529,张一530
10530,张一531
10531,张一532
10532,张一533
10533,张一534
10534,张一535
10535,张一536
10536,张一537
10537,张一538
10538,张一539
10539,张一540
10540,张一541
10541,张一542
10542,张一543
10543,张一544
10544,张一545
10545,张一546
10546,张一547
10547,张一548
10548,张一549
10549,张一550
10550,张一551
10551,张一552
10552,张一553
10553,张一554
10554,张一555
10555,张一556
10556,张一557
10557,张一558
10558,张一559
10559,张一560
10560,张一561
10561,张一562
10562,张一563
10563,张一564
10564,张一565
10565,张一566
10566,张一567
10567,张一568
10568,张一569
10569,张一570
10570,张一571
10571,张一572
10572,张一573
10573,张一574
10574,张一575
10575,张一576
10576,张一577
10577,张一578
10578,张一579
10579,张一580
10580,张一581
10581,张一582
10582,张一583
10583,张一584
10584,张一585
10585,张一586
10586,张一587
10587,张一588
10588,张一589
10589,张一590
10590,张一591
10591,张一592
10592,张一593
10593,张一594
10594,张一595
10595,张一596
10596,张一597
10597,张一598
10598,张一599
10599,张一600
10600,张一601
10601,张一602
10602,张一603
10603,张一604
10604,张一605
10605,张一606
10606,张一607
10607,张一608
10608,张一609
10609,张一610
10610,张一611
10611,张一612
10612,张一613
10613,张一614
10614,张一615
10615,张一616
10616,张一617
10617,张一618
10618,张一619
10619,张一620
10620,张一621
10621,张一622
10622,张一623
10623,张一624
10624,张一625
10625,张一626
10626,张一627
10627,张一628
10628,张一629
10629,张一630
10630,张一631
10631,张一632
10632,张一633
10633,张一634
10634,张一635
10635,张一636
10636,张一637
10637,张一638
10638,张一639
10639,张一640
10640,张一641
10641,张一642
10642,张一643
10643,张一644
10644,张一645
10645,张一646
10646,张一647
10647,张一648
10648,张一649
10649,张一650
10650,张一651
10651,张一652
10652,张一653
10653,张一654
10654,张一655
10655,张一656
10656,张一657
10657,张一658
10658,张一659
10659,张一660
10660,张一661
10661,张一662
10662,张一663
10663,张一664
10664,张一665
10665,张一666
10666,张一667
10667,张一668
10668,张一669
10669,张一670
10670,张一671
10671,张一672
10672,张一673
10673,张一674
10674,张一675
10675,张一676
10676,张一677
10677,张一678
10678,张一679
10679,张一680
10680,张一681
10681,张一682
10682,张一683
10683,张一684
10684,张一685
10685,张一686
10686,张一687
10687,张一688
10688,张一689
10689,张一690
10690,张一691
10691,张一692
10692,张一693
10693,张一694
10694,张一695
10695,张一696
10696,张一697
10697,张一698
10698,张一699
10699,张一700
10700,张一701
10701,张一702
10702,张一703
10703,张一704
10704,张一705
10705,张一706
10706,张一707
10707,张一708
10708,张一709
10709,张一710
10710,张一711
10711,张一712
10712,张一713
10713,张一714
10714,张一715
10715,张一716
10716,张一717
10717,张一718
10718,张一719
10719,张一720
10720,张一721
10721,张一722
10722,张一723
10723,张一724
10724,张一725
10725,张一726
10726,张一727
10727,张一728
10728,张一729
10729,张一730
10730,张一731
10731,张一732
10732,张一733
10733,张一734
10734,张一735
10735,张一736
10736,张一737
10737,张一738
10738,张一739
10739,张一740
10740,张一741
10741,张一742
10742,张一743
10743,张一744
10744,张一745
10745,张一746
10746,张一747
10747,张一748
10748,张一749
10749,张一750
10750,张一751
10751,张一752
10752,张一753
10753,张一754
10754,张一755
10755,张一756
10756,张一757
10757,张一758
10758,张一759
10759,张一760
10760,张一761
10761,张一762
10762,张一763
10763,张一764
10764,张一765
10765,张一766
10766,张一767
10767,张一768
10768,张一769
10769,张一770
10770,张一771
10771,张一772
10772,张一773
10773,张一774
10774,张一775
10775,张一776
10776,张一777
10777,张一778
10778,张一779
10779,张一780
10780,张一781
10781,张一782
10782,张一783
10783,张一784
10784,张一785
10785,张一786
10786,张一787
10787,张一788
10788,张一789
10789,张一790
10790,张一791
10791,张一792
10792,张一793
10793,张一794
10794,张一795
10795,张一796
10796,张一797
10797,张一798
10798,张一799
10799,张一800
10800,张一801
10801,张一802
10802,张一803
10803,张一804
10804,张一805
10805,张一806
10806,张一807
10807,张一808
10808,张一809
10809,张一810
10810,张一811
10811,张一812
10812,张一813
10813,张一814
10814,张一815
10815,张一816
10816,张一817
10817,张一818
10818,张一819
10819,张一820
10820,张一821
10821,张一822
10822,张一823
10823,张一824
10824,张一825
10825,张一826
10826,张一827
10827,张一828
10828,张一829
10829,张一830
10830,张一831
10831,张一832
10832,张一833
10833,张一834
10834,张一835
10835,张一836
10836,张一837
10837,张一838
10838,张一839
10839,张一840
10840,张一841
10841,张一842
10842,张一843
10843,张一844
10844,张一845
10845,张一846
10846,张一847
10847,张一848
10848,张一849
10849,张一850
10850,张一851
10851,张一852
10852,张一853
10853,张一854
10854,张一855
10855,张一856
10856,张一857
10857,张一858
10858,张一859
10859,张一860
10860,张一861
10861,张一862
10862,张一863
10863,张一864
10864,张一865
10865,张一866
10866,张一867
10867,张一868
10868,张一869
10869,张一870
10870,张一871
10871,张一872
10872,张一873
10873,张一874
10874,张一875
10875,张一876
10876,张一877
10877,张一878
10878,张一879
10879,张一880
10880,张一881
10881,张一882
10882,张一883
10883,张一884
10884,张一885
10885,张一886
10886,张一887
10887,张一888
10888,张一889
10889,张一890
10890,张一891
10891,张一892
10892,张一893
10893,张一894
10894,张一895
10895,张一896
10896,张一897
10897,张一898
10898,张一899
10899,张一900
10900,张一901
10901,张一902
10902,张一903
10903,张一904
10904,张一905
10905,张一906
10906,张一907
10907,张一908
10908,张一909
10909,张一910
10910,张一911
10911,张一912
10912,张一913
10913,张一914
10914,张一915
10915,张一916
10916,张一917
10917,张一918
10918,张一919
10919,张一920
10920,张一921
10921,张一922
10922,张一923
10923,张一924
10924,张一925
10925,张一926
10926,张一927
10927,张一928
10928,张一929
10929,张一930
10930,张一931
10931,张一932
10932,张一933
10933,张一934
10934,张一935
10935,张一936
10936,张一937
10937,张一938
10938,张一939
10939,张一940
10940,张一941
10941,张一942
10942,张一943
10943,张一944
10944,张一945
10945,张一946
10946,张一947
10947,张一948
10948,张一949
10949,张一950
10950,张一951
10951,张一952
10952,张一953
10953,张一954
10954,张一955
10955,张一956
10956,张一957
10957,张一958
10958,张一959
10959,张一960
10960,张一961
10961,张一962
10962,张一963
10963,张一964
10964,张一965
10965,张一966
10966,张一967
10967,张一968
10968,张一969
10969,张一970
10970,张一971
10971,张一972
10972,张一973
10973,张一974
10974,张一975
10975,张一976
10976,张一977
10977,张一978
10978,张一979
10979,张一980
10980,张一981
10981,张一982
10982,张一983
10983,张一984
10984,张一985
10985,张一986
10986,张一987
10987,张一988
10988,张一989
10989,张一990
10990,张一991
10991,张一992
10992,张一993
10993,张一994
10994,张一995
10995,张一996
10996,张一997
10997,张一998
10998,张一999
10999,张一1000
11000,张一1001
11001,张一1002
11002,张一1003
11003,张一1004
11004,张一1005
11005,张一1006
11006,张一1007
11007,张一1008
11008,张一1009
11009,张一1010
11010,张一1011
11011,张一1012
11012,张一1013
11013,张一1014
11014,张一1015
11015,张一1016
11016,张一1017
11017,张一1018
11018,张一1019
11019,张一1020
11020,张一1021
11021,张一1022
11022,张一1023
11023,张一1024
11024,张一1025
11025,张一1026
11026,张一1027
11027,张一1028
11028,张一1029
11029,张一1030
11030,张一1031
11031,张一1032
11032,张一1033
11033,张一1034
11034,张一1035
11035,张一1036
11036,张一1037
11037,张一1038
11038,张一1039
11039,张一1040
11040,张一1041
11041,张一1042
11042,张一1043
11043,张一1044
11044,张一1045
11045,张一1046
11046,张一1047
11047,张一1048
11048,张一1049
11049,张一1050
11050,张一1051
11051,张一1052
11052,张一1053
11053,张一1054
11054,张一1055
11055,张一1056
11056,张一1057
11057,张一1058
11058,张一1059
11059,张一1060
11060,张一1061
11061,张一1062
11062,张一1063
11063,张一1064
11064,张一1065
11065,张一1066
11066,张一1067
11067,张一1068
11068,张一1069
11069,张一1070
11070,张一1071
11071,张一1072
11072,张一1073
11073,张一1074
11074,张一1075
11075,张一1076
11076,张一1077
11077,张一1078
11078,张一1079
11079,张一1080
11080,张一1081
11081,张一1082
11082,张一1083
11083,张一1084
11084,张一1085
11085,张一1086
11086,张一1087
11087,张一1088
11088,张一1089
11089,张一1090
11090,张一1091
11091,张一1092
11092,张一1093
11093,张一1094
11094,张一1095
11095,张一1096
11096,张一1097
11097,张一1098
11098,张一1099
11099,张一1100
11100,张一1101
11101,张一1102
11102,张一1103
11103,张一1104
11104,张一1105
11105,张一1106
11106,张一1107
11107,张一1108
11108,张一1109
11109,张一1110
11110,张一1111
11111,张一1112
11112,张一1113
11113,张一1114
11114,张一1115
11115,张一1116
11116,张一1117
11117,张一1118
11118,张一1119
11119,张一1120
11120,张一1121
11121,张一1122
11122,张一1123
11123,张一1124
11124,张一1125
11125,张一1126
11126,张一1127
11127,张一1128
11128,张一1129
11129,张一1130
11130,张一1131
11131,张一1132
11132,张一1133
11133,张一1134
11134,张一1135
11135,张一1136
11136,张一1137
11137,张一1138
11138,张一1139
11139,张一1140
11140,张一1141
11141,张一1142
11142,张一1143
11143,张一1144
11144,张一1145
11145,张一1146
11146,张一1147
11147,张一1148
11148,张一1149
11149,张一1150
11150,张一1151
11151,张一1152
11152,张一1153
11153,张一1154
11154,张一1155
11155,张一1156
11156,张一1157
11157,张一1158
11158,张一1159
11159,张一1160
11160,张一1161
11161,张一1162
11162,张一1163
11163,张一1164
11164,张一1165
11165,张一1166
11166,张一1167
11167,张一1168
11168,张一1169
11169,张一1170
11170,张一1171
11171,张一1172
11172,张一1173
11173,张一1174
11174,张一1175
11175,张一1176
11176,张一1177
11177,张一1178
11178,张一1179
11179,张一1180
11180,张一1181
11181,张一1182
11182,张一1183
11183,张一1184
11184,张一1185
11185,张一1186
11186,张一1187
11187,张一1188
11188,张一1189
11189,张一1190
11190,张一1191
11191,张一1192
11192,张一1193
11193,张一1194
11194,张一1195
11195,张一1196
11196,张一1197
11197,张一1198
11198,张一1199
11199,张一1200
11200,张一1201
11201,张一1202
11202,张一1203
11203,张一1204
11204,张一1205
11205,张一1206
11206,张一1207
11207,张一1208
11208,张一1209
11209,张一1210
11210,张一1211
11211,张一1212
11212,张一1213
11213,张一1214
11214,张一1215
11215,张一1216
11216,张一1217
11217,张一1218
11218,张一1219
11219,张一1220
11220,张一1221
11221,张一1222
11222,张一1223
11223,张一1224
11224,张一1225
11225,张一1226
11226,张一1227
11227,张一1228
11228,张一1229
11229,张一1230
11230,张一1231
11231,张一1232
11232,张一1233
11233,张一1234
11234,张一1235
11235,张一1236
11236,张一1237
11237,张一1238
11238,张一1239
11239,张一1240
11240,张一1241
11241,张一1242
11242,张一1243
11243,张一1244
11244,张一1245
11245,张一1246
11246,张一1247
11247,张一1248
11248,张一1249
11249,张一1250
11250,张一1251
11251,张一1252
11252,张一1253
11253,张一1254
11254,张一1255
11255,张一1256
11256,张一1257
11257,张一1258
11258,张一1259
11259,张一1260
11260,张一1261
11261,张一1262
11262,张一1263
11263,张一1264
11264,张一1265
11265,张一1266
11266,张一1267
11267,张一1268
11268,张一1269
11269,张一1270
11270,张一1271
11271,张一1272
11272,张一1273
11273,张一1274
11274,张一1275
11275,张一1276
11276,张一1277
11277,张一1278
11278,张一1279
11279,张一1280
11280,张一1281
11281,张一1282
11282,张一1283
11283,张一1284
11284,张一1285
11285,张一1286
11286,张一1287
11287,张一1288
11288,张一1289
11289,张一1290
11290,张一1291
11291,张一1292
11292,张一1293
11293,张一1294
11294,张一1295
11295,张一1296
11296,张一1297
11297,张一1298
11298,张一1299
11299,张一1300
11300,张一1301
11301,张一1302
11302,张一1303
11303,张一1304
11304,张一1305
11305,张一1306
11306,张一1307
11307,张一1308
11308,张一1309
11309,张一1310
11310,张一1311
11311,张一1312
11312,张一1313
11313,张一1314
11314,张一1315
11315,张一1316
11316,张一1317
11317,张一1318
11318,张一1319
11319,张一1320
11320,张一1321
11321,张一1322
11322,张一1323
11323,张一1324
11324,张一1325
11325,张一1326
11326,张一1327
11327,张一1328
11328,张一1329
11329,张一1330
11330,张一1331
11331,张一1332
11332,张一1333
11333,张一1334
11334,张一1335
11335,张一1336
11336,张一1337
11337,张一1338
11338,张一1339
11339,张一1340
11340,张一1341
11341,张一1342
11342,张一1343
11343,张一1344
11344,张一1345
11345,张一1346
11346,张一1347
11347,张一1348
11348,张一1349
11349,张一1350
11350,张一1351
11351,张一1352
11352,张一1353
11353,张一1354
11354,张一1355
11355,张一1356
11356,张一1357
11357,张一1358
11358,张一1359
11359,张一1360
11360,张一1361
11361,张一1362
11362,张一1363
11363,张一1364
11364,张一1365
11365,张一1366
11366,张一1367
11367,张一1368
11368,张一1369
11369,张一1370
11370,张一1371
11371,张一1372
11372,张一1373
11373,张一1374
11374,张一1375
11375,张一1376
11376,张一1377
11377,张一1378
11378,张一1379
11379,张一1380
11380,张一1381
11381,张一1382
11382,张一1383
11383,张一1384
11384,张一1385
11385,张一1386
11386,张一1387
11387,张一1388
11388,张一1389
11389,张一1390
11390,张一1391
11391,张一1392
11392,张一1393
11393,张一1394
11394,张一1395
11395,张一1396
11396,张一1397
11397,张一1398
11398,张一1399
11399,张一1400
11400,张一1401
11401,张一1402
11402,张一1403
11403,张一1404
11404,张一1405
11405,张一1406
11406,张一1407
11407,张一1408
11408,张一1409
11409,张一1410
11410,张一1411
11411,张一1412
11412,张一1413
11413,张一1414
11414,张一1415
11415,张一1416
11416,张一1417
11417,张一1418
11418,张一1419
11419,张一1420
11420,张一1421
11421,张一1422
11422,张一1423
11423,张一1424
11424,张一1425
11425,张一1426
11426,张一1427
11427,张一1428
11428,张一1429
11429,张一1430
11430,张一1431
11431,张一1432
11432,张一1433
11433,张一1434
11434,张一1435
11435,张一1436
11436,张一1437
11437,张一1438
11438,张一1439
11439,张一1440
11440,张一1441
11441,张一1442
11442,张一1443
11443,张一1444
11444,张一1445
11445,张一1446
11446,张一1447
11447,张一1448
11448,张一1449
11449,张一1450
11450,张一1451
11451,张一1452
11452,张一1453
11453,张一1454
11454,张一1455
11455,张一1456
11456,张一1457
11457,张一1458
11458,张一1459
11459,张一1460
11460,张一1461
11461,张一1462
11462,张一1463
11463,张一1464
11464,张一1465
11465,张一1466
11466,张一1467
11467,张一1468
11468,张一1469
11469,张一1470
11470,张一1471
11471,张一1472
11472,张一1473
11473,张一1474
11474,张一1475
11475,张一1476
11476,张一1477
11477,张一1478
11478,张一1479
11479,张一1480
11480,张一1481
11481,张一1482
11482,张一1483
11483,张一1484
11484,张一1485
11485,张一1486
11486,张一1487
11487,张一1488
11488,张一1489
11489,张一1490
11490,张一1491
11491,张一1492
11492,张一1493
11493,张一1494
11494,张一1495
11495,张一1496
11496,张一1497
11497,张一1498
11498,张一1499
11499,张一1500
11500,张一1501
11501,张一1502
11502,张一1503
11503,张一1504
11504,张一1505
11505,张一1506
11506,张一1507
11507,张一1508
11508,张一1509
11509,张一1510
11510,张一1511
11511,张一1512
11512,张一1513
11513,张一1514
11514,张一1515
11515,张一1516
11516,张一1517
11517,张一1518
11518,张一1519
11519,张一1520
11520,张一1521
11521,张一1522
11522,张一1523
11523,张一1524
11524,张一1525
11525,张一1526
11526,张一1527
11527,张一1528
11528,张一1529
11529,张一1530
11530,张一1531
11531,张一1532
11532,张一1533
11533,张一1534
11534,张一1535
11535,张一1536
11536,张一1537
11537,张一1538
11538,张一1539
11539,张一1540
11540,张一1541
11541,张一1542
11542,张一1543
11543,张一1544
11544,张一1545
11545,张一1546
11546,张一1547
11547,张一1548
11548,张一1549
11549,张一1550
11550,张一1551
11551,张一1552
11552,张一1553
11553,张一1554
11554,张一1555
11555,张一1556
11556,张一1557
11557,张一1558
11558,张一1559
11559,张一1560
11560,张一1561
11561,张一1562
11562,张一1563
11563,张一1564
11564,张一1565
11565,张一1566
11566,张一1567
11567,张一1568
11568,张一1569
11569,张一1570
11570,张一1571
11571,张一1572
11572,张一1573
11573,张一1574
11574,张一1575
11575,张一1576
11576,张一1577
11577,张一1578
11578,张一1579
11579,张一1580
11580,张一1581
11581,张一1582
11582,张一1583
11583,张一1584
11584,张一1585
11585,张一1586
11586,张一1587
11587,张一1588
11588,张一1589
11589,张一1590
11590,张一1591
11591,张一1592
11592,张一1593
11593,张一1594
11594,张一1595
11595,张一1596
11596,张一1597
11597,张一1598
11598,张一1599
11599,张一1600
11600,张一1601
11601,张一1602
11602,张一1603
11603,张一1604
11604,张一1605
11605,张一1606
11606,张一1607
11607,张一1608
11608,张一1609
11609,张一1610
11610,张一1611
11611,张一1612
11612,张一1613
11613,张一1614
11614,张一1615
11615,张一1616
11616,张一1617
11617,张一1618
11618,张一1619
11619,张一1620
11620,张一1621
11621,张一1622
11622,张一1623
11623,张一1624
11624,张一1625
11625,张一1626
11626,张一1627
11627,张一1628
11628,张一1629
11629,张一1630
11630,张一1631
11631,张一1632
11632,张一1633
11633,张一1634
11634,张一1635
11635,张一1636
11636,张一1637
11637,张一1638
11638,张一1639
11639,张一1640
11640,张一1641
11641,张一1642
11642,张一1643
11643,张一1644
11644,张一1645
11645,张一1646
11646,张一1647
11647,张一1648
11648,张一1649
11649,张一1650
11650,张一1651
11651,张一1652
11652,张一1653
11653,张一1654
11654,张一1655
11655,张一1656
11656,张一1657
11657,张一1658
11658,张一1659
11659,张一1660
11660,张一1661
11661,张一1662
11662,张一1663
11663,张一1664
11664,张一1665
11665,张一1666
11666,张一1667
11667,张一1668
11668,张一1669
11669,张一1670
11670,张一1671
11671,张一1672
11672,张一1673
11673,张一1674
11674,张一1675
11675,张一1676
11676,张一1677
11677,张一1678
11678,张一1679
11679,张一1680
11680,张一1681
11681,张一1682
11682,张一1683
11683,张一1684
11684,张一1685
11685,张一1686
11686,张一1687
11687,张一1688
11688,张一1689
11689,张一1690
11690,张一1691
11691,张一1692
11692,张一1693
11693,张一1694
11694,张一1695
11695,张一1696
11696,张一1697
11697,张一1698
11698,张一1699
11699,张一1700
11700,张一1701
11701,张一1702
11702,张一1703
11703,张一1704
11704,张一1705
11705,张一1706
11706,张一1707
11707,张一1708
11708,张一1709
11709,张一1710
11710,张一1711
11711,张一1712
11712,张一1713
11713,张一1714
11714,张一1715
11715,张一1716
11716,张一1717
11717,张一1718
11718,张一1719
11719,张一1720
11720,张一1721
11721,张一1722
11722,张一1723
11723,张一1724
11724,张一1725
11725,张一1726
11726,张一1727
11727,张一1728
11728,张一1729
11729,张一1730
11730,张一1731
11731,张一1732
11732,张一1733
11733,张一1734
11734,张一1735
11735,张一1736
11736,张一1737
11737,张一1738
11738,张一1739
11739,张一1740
11740,张一1741
11741,张一1742
11742,张一1743
11743,张一1744
11744,张一1745
11745,张一1746
11746,张一1747
11747,张一1748
11748,张一1749
11749,张一1750
11750,张一1751
11751,张一1752
11752,张一1753
11753,张一1754
11754,张一1755
11755,张一1756
11756,张一1757
11757,张一1758
11758,张一1759
11759,张一1760
11760,张一1761
11761,张一1762
11762,张一1763
11763,张一1764
11764,张一1765
11765,张一1766
11766,张一1767
11767,张一1768
11768,张一1769
11769,张一1770
11770,张一1771
11771,张一1772
11772,张一1773
11773,张一1774
11774,张一1775
11775,张一1776
11776,张一1777
11777,张一1778
11778,张一1779
11779,张一1780
11780,张一1781
11781,张一1782
11782,张一1783
11783,张一1784
11784,张一1785
11785,张一1786
11786,张一1787
11787,张一1788
11788,张一1789
11789,张一1790
11790,张一1791
11791,张一1792
11792,张一1793
11793,张一1794
11794,张一1795
11795,张一1796
11796,张一1797
11797,张一1798
11798,张一1799
11799,张一1800
11800,张一1801
11801,张一1802
11802,张一1803
11803,张一1804
11804,张一1805
11805,张一1806
11806,张一1807
11807,张一1808
11808,张一1809
11809,张一1810
11810,张一1811
11811,张一1812
11812,张一1813
11813,张一1814
11814,张一1815
11815,张一1816
11816,张一1817
11817,张一1818
11818,张一1819
11819,张一1820
11820,张一1821
11821,张一1822
11822,张一1823
11823,张一1824
11824,张一1825
11825,张一1826
11826,张一1827
11827,张一1828
11828,张一1829
11829,张一1830
11830,张一1831
11831,张一1832
11832,张一1833
11833,张一1834
11834,张一1835
11835,张一1836
11836,张一1837
11837,张一1838
11838,张一1839
11839,张一1840
11840,张一1841
11841,张一1842
11842,张一1843
11843,张一1844
11844,张一1845
11845,张一1846
11846,张一1847
11847,张一1848
11848,张一1849
11849,张一1850
11850,张一1851
11851,张一1852
11852,张一1853
11853,张一1854
11854,张一1855
11855,张一1856
11856,张一1857
11857,张一1858
11858,张一1859
11859,张一1860
11860,张一1861
11861,张一1862
11862,张一1863
11863,张一1864
11864,张一1865
11865,张一1866
11866,张一1867
11867,张一1868
11868,张一1869
11869,张一1870
11870,张一1871
11871,张一1872
11872,张一1873
11873,张一1874
11874,张一1875
11875,张一1876
11876,张一1877
11877,张一1878
11878,张一1879
11879,张一1880
11880,张一1881
11881,张一1882
11882,张一1883
11883,张一1884
11884,张一1885
11885,张一1886
11886,张一1887
11887,张一1888
11888,张一1889
11889,张一1890
11890,张一1891
11891,张一1892
11892,张一1893
11893,张一1894
11894,张一1895
11895,张一1896
11896,张一1897
11897,张一1898
11898,张一1899
11899,张一1900
11900,张一1901
11901,张一1902
11902,张一1903
11903,张一1904
11904,张一1905
11905,张一1906
11906,张一1907
11907,张一1908
11908,张一1909
11909,张一1910
11910,张一1911
11911,张一1912
11912,张一1913
11913,张一1914
11914,张一1915
11915,张一1916
11916,张一1917
11917,张一1918
11918,张一1919
11919,张一1920
11920,张一1921
11921,张一1922
11922,张一1923
11923,张一1924
11924,张一1925
11925,张一1926
11926,张一1927
11927,张一1928
11928,张一1929
11929,张一1930
11930,张一1931
11931,张一1932
11932,张一1933
11933,张一1934
11934,张一1935
11935,张一1936
11936,张一1937
11937,张一1938
11938,张一1939
11939,张一1940
11940,张一1941
11941,张一1942
11942,张一1943
11943,张一1944
11944,张一1945
11945,张一1946
11946,张一1947
11947,张一1948
11948,张一1949
11949,张一1950
11950,张一1951
11951,张一1952
11952,张一1953
11953,张一1954
11954,张一1955
11955,张一1956
11956,张一1957
11957,张一1958
11958,张一1959
11959,张一1960
11960,张一1961
11961,张一1962
11962,张一1963
11963,张一1964
11964,张一1965
11965,张一1966
11966,张一1967
11967,张一1968
11968,张一1969
11969,张一1970
11970,张一1971
11971,张一1972
11972,张一1973
11973,张一1974
11974,张一1975
11975,张一1976
11976,张一1977
11977,张一1978
11978,张一1979
11979,张一1980
11980,张一1981
11981,张一1982
11982,张一1983
11983,张一1984
11984,张一1985
11985,张一1986
11986,张一1987
11987,张一1988
11988,张一1989
11989,张一1990
11990,张一1991
11991,张一1992
11992,张一1993
11993,张一1994
11994,张一1995
11995,张一1996
11996,张一1997
11997,张一1998
11998,张一1999
11999,张一2000
12000,张一2001
12001,张一2002
12002,张一2003
12003,张一2004
12004,张一2005
12005,张一2006
12006,张一2007
12007,张一2008
12008,张一2009
12009,张一2010
12010,张一2011
12011,张一2012
12012,张一2013
12013,张一2014
12014,张一2015
12015,张一2016
12016,张一2017
12017,张一2018
12018,张一2019
12019,张一2020
12020,张一2021
12021,张一2022
12022,张一2023
12023,张一2024
12024,张一2025
12025,张一2026
12026,张一2027
12027,张一2028
12028,张一2029
12029,张一2030
12030,张一2031
12031,张一2032
12032,张一2033
12033,张一2034
12034,张一2035
12035,张一2036
12036,张一2037
12037,张一2038
12038,张一2039
12039,张一2040
12040,张一2041
12041,张一2042
12042,张一2043
12043,张一2044
12044,张一2045
12045,张一2046
12046,张一2047
12047,张一2048
12048,张一2049
12049,张一2050
12050,张一2051
12051,张一2052
12052,张一2053
12053,张一2054
12054,张一2055
12055,张一2056
12056,张一2057
12057,张一2058
12058,张一2059
12059,张一2060
12060,张一2061
12061,张一2062
12062,张一2063
12063,张一2064
12064,张一2065
12065,张一2066
12066,张一2067
12067,张一2068
12068,张一2069
12069,张一2070
12070,张一2071
12071,张一2072
12072,张一2073
12073,张一2074
12074,张一2075
12075,张一2076
12076,张一2077
12077,张一2078
12078,张一2079
12079,张一2080
12080,张一2081
12081,张一2082
12082,张一2083
12083,张一2084
12084,张一2085
12085,张一2086
12086,张一2087
12087,张一2088
12088,张一2089
12089,张一2090
12090,张一2091
12091,张一2092
12092,张一2093
12093,张一2094
12094,张一2095
12095,张一2096
12096,张一2097
12097,张一2098
12098,张一2099
12099,张一2100
12100,张一2101
12101,张一2102
12102,张一2103
12103,张一2104
12104,张一2105
12105,张一2106
12106,张一2107
12107,张一2108
12108,张一2109
12109,张一2110
12110,张一2111
12111,张一2112
12112,张一2113
12113,张一2114
12114,张一2115
12115,张一2116
12116,张一2117
12117,张一2118
12118,张一2119
12119,张一2120
12120,张一2121
12121,张一2122
12122,张一2123
12123,张一2124
12124,张一2125
12125,张一2126
12126,张一2127
12127,张一2128
12128,张一2129
12129,张一2130
12130,张一2131
12131,张一2132
12132,张一2133
12133,张一2134
12134,张一2135
12135,张一2136
12136,张一2137
12137,张一2138
12138,张一2139
12139,张一2140
12140,张一2141
12141,张一2142
12142,张一2143
12143,张一2144
12144,张一2145
12145,张一2146
12146,张一2147
12147,张一2148
12148,张一2149
12149,张一2150
12150,张一2151
12151,张一2152
12152,张一2153
12153,张一2154
12154,张一2155
12155,张一2156
12156,张一2157
12157,张一2158
12158,张一2159
12159,张一2160
12160,张一2161
12161,张一2162
12162,张一2163
12163,张一2164
12164,张一2165
12165,张一2166
12166,张一2167
12167,张一2168
12168,张一2169
12169,张一2170
12170,张一2171
12171,张一2172
12172,张一2173
12173,张一2174
12174,张一2175
12175,张一2176
12176,张一2177
12177,张一2178
12178,张一2179
12179,张一2180
12180,张一2181
12181,张一2182
12182,张一2183
12183,张一2184
12184,张一2185
12185,张一2186
12186,张一2187
12187,张一2188
12188,张一2189
12189,张一2190
12190,张一2191
12191,张一2192
12192,张一2193
12193,张一2194
12194,张一2195
12195,张一2196
12196,张一2197
12197,张一2198
12198,张一2199
12199,张一2200
12200,张一2201
12201,张一2202
12202,张一2203
12203,张一2204
12204,张一2205
12205,张一2206
12206,张一2207
12207,张一2208
12208,张一2209
12209,张一2210
12210,张一2211
12211,张一2212
12212,张一2213
12213,张一2214
12214,张一2215
12215,张一2216
12216,张一2217
12217,张一2218
12218,张一2219
12219,张一2220
12220,张一2221
12221,张一2222
12222,张一2223
12223,张一2224
12224,张一2225
12225,张一2226
12226,张一2227
12227,张一2228
12228,张一2229
12229,张一2230
12230,张一2231
12231,张一2232
12232,张一2233
12233,张一2234
12234,张一2235
12235,张一2236
12236,张一2237
12237,张一2238
12238,张一2239
12239,张一2240
12240,张一2241
12241,张一2242
12242,张一2243
12243,张一2244
12244,张一2245
12245,张一2246
12246,张一2247
12247,张一2248
12248,张一2249
12249,张一2250
12250,张一2251
12251,张一2252
12252,张一2253
12253,张一2254
12254,张一2255
12255,张一2256
12256,张一2257
12257,张一2258
12258,张一2259
12259,张一2260
12260,张一2261
12261,张一2262
12262,张一2263
12263,张一2264
12264,张一2265
12265,张一2266
12266,张一2267
12267,张一2268
12268,张一2269
12269,张一2270
12270,张一2271
12271,张一2272
12272,张一2273
12273,张一2274
12274,张一2275
12275,张一2276
12276,张一2277
12277,张一2278
12278,张一2279
12279,张一2280
12280,张一2281
12281,张一2282
12282,张一2283
12283,张一2284
12284,张一2285
12285,张一2286
12286,张一2287
12287,张一2288
12288,张一2289
12289,张一2290
12290,张一2291
12291,张一2292
12292,张一2293
12293,张一2294
12294,张一2295
12295,张一2296
12296,张一2297
12297,张一2298
12298,张一2299
12299,张一2300
12300,张一2301
12301,张一2302
12302,张一2303
12303,张一2304
12304,张一2305
12305,张一2306
12306,张一2307
12307,张一2308
12308,张一2309
12309,张一2310
12310,张一2311
12311,张一2312
12312,张一2313
12313,张一2314
12314,张一2315
12315,张一2316
12316,张一2317
12317,张一2318
12318,张一2319
12319,张一2320
12320,张一2321
12321,张一2322
12322,张一2323
12323,张一2324
12324,张一2325
12325,张一2326
12326,张一2327
12327,张一2328
12328,张一2329
12329,张一2330
12330,张一2331
12331,张一2332
12332,张一2333
12333,张一2334
12334,张一2335
12335,张一2336
12336,张一2337
12337,张一2338
12338,张一2339
12339,张一2340
12340,张一2341
12341,张一2342
12342,张一2343
12343,张一2344
12344,张一2345
12345,张一2346
12346,张一2347
12347,张一2348
12348,张一2349
12349,张一2350
12350,张一2351
12351,张一2352
12352,张一2353
12353,张一2354
12354,张一2355
12355,张一2356
12356,张一2357
12357,张一2358
12358,张一2359
12359,张一2360
12360,张一2361
12361,张一2362
12362,张一2363
12363,张一2364
12364,张一2365
12365,张一2366
12366,张一2367
12367,张一2368
12368,张一2369
12369,张一2370
12370,张一2371
12371,张一2372
12372,张一2373
12373,张一2374
12374,张一2375
12375,张一2376
12376,张一2377
12377,张一2378
12378,张一2379
12379,张一2380
12380,张一2381
12381,张一2382
12382,张一2383
12383,张一2384
12384,张一2385
12385,张一2386
12386,张一2387
12387,张一2388
12388,张一2389
12389,张一2390
12390,张一2391
12391,张一2392
12392,张一2393
12393,张一2394
12394,张一2395
12395,张一2396
12396,张一2397
12397,张一2398
12398,张一2399
12399,张一2400
12400,张一2401
12401,张一2402
12402,张一2403
12403,张一2404
12404,张一2405
12405,张一2406
12406,张一2407
12407,张一2408
12408,张一2409
12409,张一2410
12410,张一2411
12411,张一2412
12412,张一2413
12413,张一2414
12414,张一2415
12415,张一2416
12416,张一2417
12417,张一2418
12418,张一2419
12419,张一2420
12420,张一2421
12421,张一2422
12422,张一2423
12423,张一2424
12424,张一2425
12425,张一2426
12426,张一2427
12427,张一2428
12428,张一2429
12429,张一2430
12430,张一2431
12431,张一2432
12432,张一2433
12433,张一2434
12434,张一2435
12435,张一2436
12436,张一2437
12437,张一2438
12438,张一2439
12439,张一2440
12440,张一2441
12441,张一2442
12442,张一2443
12443,张一2444
12444,张一2445
12445,张一2446
12446,张一2447
12447,张一2448
12448,张一2449
12449,张一2450
12450,张一2451
12451,张一2452
12452,张一2453
12453,张一2454
12454,张一2455
12455,张一2456
12456,张一2457
12457,张一2458
12458,张一2459
12459,张一2460
12460,张一2461
12461,张一2462
12462,张一2463
12463,张一2464
12464,张一2465
12465,张一2466
12466,张一2467
12467,张一2468
12468,张一2469
12469,张一2470
12470,张一2471
12471,张一2472
12472,张一2473
12473,张一2474
12474,张一2475
12475,张一2476
12476,张一2477
12477,张一2478
12478,张一2479
12479,张一2480
12480,张一2481
12481,张一2482
12482,张一2483
12483,张一2484
12484,张一2485
12485,张一2486
12486,张一2487
12487,张一2488
12488,张一2489
12489,张一2490
12490,张一2491
12491,张一2492
12492,张一2493
12493,张一2494
12494,张一2495
12495,张一2496
12496,张一2497
12497,张一2498
12498,张一2499
12499,张一2500
12500,张一2501
12501,张一2502
12502,张一2503
12503,张一2504
12504,张一2505
12505,张一2506
12506,张一2507
12507,张一2508
12508,张一2509
12509,张一2510
12510,张一2511
12511,张一2512
12512,张一2513
12513,张一2514
12514,张一2515
12515,张一2516
12516,张一2517
12517,张一2518
12518,张一2519
12519,张一2520
12520,张一2521
12521,张一2522
12522,张一2523
12523,张一2524
12524,张一2525
12525,张一2526
12526,张一2527
12527,张一2528
12528,张一2529
12529,张一2530
12530,张一2531
12531,张一2532
12532,张一2533
12533,张一2534
12534,张一2535
12535,张一2536
12536,张一2537
12537,张一2538
12538,张一2539
12539,张一2540
12540,张一2541
12541,张一2542
12542,张一2543
12543,张一2544
12544,张一2545
12545,张一2546
12546,张一2547
12547,张一2548
12548,张一2549
12549,张一2550
12550,张一2551
12551,张一2552
12552,张一2553
12553,张一2554
12554,张一2555
12555,张一2556
12556,张一2557
12557,张一2558
12558,张一2559
12559,张一2560
12560,张一2561
12561,张一2562
12562,张一2563
12563,张一2564
12564,张一2565
12565,张一2566
12566,张一2567
12567,张一2568
12568,张一2569
12569,张一2570
12570,张一2571
12571,张一2572
12572,张一2573
12573,张一2574
12574,张一2575
12575,张一2576
12576,张一2577
12577,张一2578
12578,张一2579
12579,张一2580
12580,张一2581
12581,张一2582
12582,张一2583
12583,张一2584
12584,张一2585
12585,张一2586
12586,张一2587
12587,张一2588
12588,张一2589
12589,张一2590
12590,张一2591
12591,张一2592
12592,张一2593
12593,张一2594
12594,张一2595
